Packaging #,Type,,,
300000042,PACK,,,
300000049,PACK,,,
300000495,PACK,,,
300000048,PACK,,,
300000632,PACK,,,
300000065,PACK,,,
300000068,PACK,,,
300000066,PACK,,,
300000067,PACK,,,
300000086,PACK,,,
300000087,PACK,,,
300000088,PACK,,,
300000089,PACK,,,
300000090,PACK,,,
300000084,PACK,,,
300000085,PACK,,,
300000129,PACK,,,
300000308,PACK,,,
300000095,PACK,,,
300000051,PACK,,,
300000052,PACK,,,
300000096,PACK,,,
300000498,PACK,,,
300000055,PACK,,,
300000098,PACK,,,
300000072,PACK,,,
300000123,PACK,,,
300000099,PACK,,,
300000073,PACK,,,
300000100,PACK,,,
300000101,PACK,,,
300000074,PACK,,,
300000102,PACK,,,
300000103,PACK,,,
300000104,PACK,,,
300000105,PACK,,,
300000106,PACK,,,
300000107,PACK,,,
300000108,PACK,,,
300000109,PACK,,,
300000314,PACK,,,
300000114,PACK,,,
300000116,PACK,,,
300000117,PACK,,,
300000118,PACK,,,
300000122,PACK,,,
300000000,PACK,,,
300000002,PACK,,,
300000003,PACK,,,
300000141,PACK,,,
300000000,PACK,,,
300000000,PACK,,,
300000000,PACK,,,
300000006,PACK,,,
300000010,PACK,,,
300000007,PACK,,,
300000000,PACK,,,
300000011,PACK,,,
300000008,PACK,,,
300000077,PACK,,,
300000138,PACK,,,
300000012,PACK,,,
300000009,PACK,,,
300000078,PACK,,,
300000139,PACK,,,
300000013,PACK,,,
300000016,PACK,,,
300000536,PACK,,,
300000527,PACK,,,
300000525,PACK,,,
300000523,PACK,,,
300000022,PACK,,,
300000023,PACK,,,
300000024,PACK,,,
300000025,PACK,,,
300000026,PACK,,,
300000027,PACK,,,
300000029,PACK,,,
300000529,PACK,,,
300000524,PACK,,,
300000519,PACK,,,
300000528,PACK,,,
300000035,PACK,,,
300000521,PACK,,,
300000038,PACK,,,
300000526,PACK,,,
300000080,PACK,,,
300000081,PACK,,,
300000039,PACK,,,
300000040,PACK,,,
300000058,PACK,,,
300000041,PACK,,,
300000043,PACK,,,
300000044,PACK,,,
300000125,PACK,,,
300000059,PACK,,,
300000047,PACK,,,
300000060,PACK,,,
300000061,PACK,,,
300000201,PACK,,,
300000318,PACK,,,
300000471,PACK,,,
300000472,PACK,,,
300000497,PACK,,,
300000505,PACK,,,
300000135,PACK,,,
300000137,PACK,,,
300000499,PACK,,,
300000533,PACK,,,
300000534,PACK,,,
300000535,PACK,,,
300000097,PACK,,,
300000110,PACK,,,
300000111,PACK,,,
300000113,PACK,,,
300000115,PACK,,,
300000121,PACK,,,
300000133,PACK,,,
300000075,PACK,,,
300000134,PACK,,,
300000076,PACK,,,
300000079,PACK,,,
300000018,PACK,,,
300000516,PACK,,,
300000032,PACK,,,
300000517,PACK,,,
300000045,PACK,,,
300000143,PACK,,,
300000000,PACK,,,
300000301,PACK,,,
300000005,PACK,,,
300000005,PACK,,,
300000005,PACK,,,
300000005,PACK,,,
300000014,PACK,,,
300000014,PACK,,,
300000014,PACK,,,
300000015,PACK,,,
300000015,PACK,,,
300000015,PACK,,,
300000015,PACK,,,
300000015,PACK,,,
300000015,PACK,,,
300000302,PACK,,,
300000302,PACK,,,
300000304,PACK,,,
300000304,PACK,,,
300000305,PACK,,,
300000305,PACK,,,
300000305,PACK,,,
300000319,PACK,,,
300000319,PACK,,,
300000319,PACK,,,
300000319,PACK,,,
300000321,PACK,,,
300000321,PACK,,,
300000322,PACK,,,
300000322,PACK,,,
300000322,PACK,,,
300000322,PACK,,,
300000323,PACK,,,
300000323,PACK,,,
300000323,PACK,,,
300000323,PACK,,,
300000323,PACK,,,
300000324,PACK,,,
300000324,PACK,,,
300000324,PACK,,,
300000324,PACK,,,
300000325,PACK,,,
300000325,PACK,,,
300000325,PACK,,,
300000325,PACK,,,
300000325,PACK,,,
300000328,PACK,,,
300000328,PACK,,,
300000328,PACK,,,
300000328,PACK,,,
300000328,PACK,,,
300000328,PACK,,,
300000329,PACK,,,
300000329,PACK,,,
300000329,PACK,,,
300000384,PACK,,,
300000388,PACK,,,
300000329,PACK,,,
300000329,PACK,,,
300000329,PACK,,,
300000330,PACK,,,
300000330,PACK,,,
300000330,PACK,,,
300000330,PACK,,,
300000330,PACK,,,
300000330,PACK,,,
300000333,PACK,,,
300000333,PACK,,,
300000333,PACK,,,
300000333,PACK,,,
300000333,PACK,,,
300000333,PACK,,,
300000334,PACK,,,
300000334,PACK,,,
300000334,PACK,,,
300000334,PACK,,,
300000337,PACK,,,
300000337,PACK,,,
300000337,PACK,,,
300000337,PACK,,,
300000337,PACK,,,
300000423,PACK,,,
300000424,PACK,,,
300000431,PACK,,,
300000432,PACK,,,
300000433,PACK,,,
300000434,PACK,,,
300000337,PACK,,,
300000338,PACK,,,
300000338,PACK,,,
300000441,PACK,,,
300000458,PACK,,,
300000338,PACK,,,
300000338,PACK,,,
300000338,PACK,,,
300000538,PACK,,,
300000338,PACK,,,
300000340,PACK,,,
300000340,PACK,,,
300000340,PACK,,,
300000340,PACK,,,
300000340,PACK,,,
300000341,PACK,,,
300000430,PACK,,,
300000021,PACK,,,
300000531,PACK,,,
300000530,PACK,,,
300000630,PACK,,,
300000341,PACK,,,
300000385,PACK,,,
300000387,PACK,,,
300000341,PACK,,,
300000341,PACK,,,
300000341,PACK,,,
300000341,PACK,,,
300000342,PACK,,,
300000342,PACK,,,
300000342,PACK,,,
300000342,PACK,,,
300000342,PACK,,,
300000344,PACK,,,
300000344,PACK,,,
300000344,PACK,,,
300000344,PACK,,,
300000344,PACK,,,
300000344,PACK,,,
300000345,PACK,,,
300000345,PACK,,,
300000345,PACK,,,
300000345,PACK,,,
300000345,PACK,,,
300000345,PACK,,,
300000346,PACK,,,
300000346,PACK,,,
300000393,PACK,,,
300000346,PACK,,,
300000346,PACK,,,
300000346,PACK,,,
300000346,PACK,,,
300000346,PACK,,,
300000435,PACK,,,
300000437,PACK,,,
300000389,PACK,,,
300000647,PACK,,,
300000346,PACK,,,
300000326,PACK,,,
300000327,PACK,,,
300000348,PACK,,,
300000348,PACK,,,
300000348,PACK,,,
300000348,PACK,,,
300000408,PACK,,,
300000409,PACK,,,
300000411,PACK,,,
300000412,PACK,,,
300000413,PACK,,,
300000414,PACK,,,
300000415,PACK,,,
300000416,PACK,,,
300000417,PACK,,,
300000418,PACK,,,
300000419,PACK,,,
300000420,PACK,,,
300000421,PACK,,,
300000349,PACK,,,
300000349,PACK,,,
300000442,PACK,,,
300000443,PACK,,,
300000444,PACK,,,
300000447,PACK,,,
300000448,PACK,,,
300000449,PACK,,,
300000451,PACK,,,
300000452,PACK,,,
300000454,PACK,,,
300000455,PACK,,,
300000456,PACK,,,
300000457,PACK,,,
300000445,PACK,,,
300000453,PACK,,,
300000349,PACK,,,
300000349,PACK,,,
300000350,PACK,,,
300000350,PACK,,,
300000350,PACK,,,
300000350,PACK,,,
300000351,PACK,,,
300000351,PACK,,,
300000352,PACK,,,
300000352,PACK,,,
300000352,PACK,,,
300000352,PACK,,,
300000352,PACK,,,
300000355,PACK,,,
300000355,PACK,,,
300000355,PACK,,,
300000355,PACK,,,
300000355,PACK,,,
300000356,PACK,,,
300000356,PACK,,,
300000356,PACK,,,
300000357,PACK,,,
300000357,PACK,,,
300000357,PACK,,,
300000358,PACK,,,
300000358,PACK,,,
300000358,PACK,,,
300000359,PACK,,,
300000303,PACK,,,
300000359,PACK,,,
300000359,PACK,,,
300000360,PACK,,,
300000360,PACK,,,
300000360,PACK,,,
300000361,PACK,,,
300000361,PACK,,,
300000369,PACK,,,
300000369,PACK,,,
300000376,PACK,,,
300000376,PACK,,,
300000381,PACK,,,
300000381,PACK,,,
300000394,PACK,,,
300000394,PACK,,,
300000395,PACK,,,
300000395,PACK,,,
300000422,PACK,,,
300000422,PACK,,,
300000425,PACK,,,
300000425,PACK,,,
300000425,PACK,,,
300000426,PACK,,,
300000426,PACK,,,
300000427,PACK,,,
300000427,PACK,,,
300000428,PACK,,,
300000428,PACK,,,
300000438,PACK,,,
300000336,PACK,,,
300000438,PACK,,,
300000439,PACK,,,
300000439,PACK,,,
300000347,PACK,,,
300000440,PACK,,,
300000440,PACK,,,
300000460,PACK,,,
300000460,PACK,,,
300000461,PACK,,,
300000461,PACK,,,
300000462,PACK,,,
300000462,PACK,,,
300000470,PACK,,,
300000470,PACK,,,
300000480,PACK,,,
300000480,PACK,,,
300000480,PACK,,,
300000490,PACK,,,
300000490,PACK,,,
300000490,PACK,,,
300000490,PACK,,,
300000490,PACK,,,
300000490,PACK,,,
300000490,PACK,,,
300000490,PACK,,,
300000494,PACK,,,
300000494,PACK,,,
300000504,PACK,,,
300000504,PACK,,,
300000506,PACK,,,
300000506,PACK,,,
300000507,PACK,,,
300000507,PACK,,,
300000507,PACK,,,
300000507,PACK,,,
300000507,PACK,,,
300000508,PACK,,,
300000508,PACK,,,
300000508,PACK,,,
300000508,PACK,,,
300000508,PACK,,,
300000362,PACK,,,
300000363,PACK,,,
300000365,PACK,,,
300000366,PACK,,,
300000368,PACK,,,
300000509,PACK,,,
300000370,PACK,,,
300000371,PACK,,,
300000537,PACK,,,
300000373,PACK,,,
300000374,PACK,,,
300000375,PACK,,,
300000377,PACK,,,
300000378,PACK,,,
300000379,PACK,,,
300000380,PACK,,,
300000509,PACK,,,
300000509,PACK,,,
300000509,PACK,,,
300000509,PACK,,,
300000382,PACK,,,
300000383,PACK,,,
300000391,PACK,,,
300000390,PACK,,,
300000510,PACK,,,
300000510,PACK,,,
300000510,PACK,,,
300000510,PACK,,,
300000510,PACK,,,
300000396,PACK,,,
300000397,PACK,,,
300000398,PACK,,,
300000399,PACK,,,
300000400,PACK,,,
300000402,PACK,,,
300000404,PACK,,,
300000406,PACK,,,
300000407,PACK,,,
300000514,PACK,,,
300000514,PACK,,,
300000514,PACK,,,
300000514,PACK,,,
300000514,PACK,,,
300000403,PACK,,,
300000405,PACK,,,
300000492,PACK,,,
300000464,PACK,,,
300000465,PACK,,,
300000466,PACK,,,
300000467,PACK,,,
300000468,PACK,,,
300000469,PACK,,,
300000473,PACK,,,
300000410,PACK,,,
300000493,PACK,,,
300000496,PACK,,,
300000514,PACK,,,
300000515,PACK,,,
300000515,PACK,,,
300000515,PACK,,,
300000515,PACK,,,
300000515,PACK,,,
300000515,PACK,,,
300000540,PACK,,,
300000540,PACK,,,
300000364,PACK,,,
300000372,PACK,,,
300000550,PACK,,,
300000550,PACK,,,
300000550,PACK,,,
300000550,PACK,,,
300000429,PACK,,,
300000550,PACK,,,
300000550,PACK,,,
300000644,PACK,,,
300000644,PACK,,,
300000020,MC,,,
300000020,MC,,,
300000031,MC,,,
300000031,MC,,,
300000069,CAP,,,
300000069,CAP,,,
300000069,CAP,,,
300000069,CAP,,,
300000091,CAP,,,
300000091,CAP,,,
300000091,CAP,,,
300000091,CAP,,,
300000091,CAP,,,
300000092,CAP,,,
300000092,CAP,,,
300000130,CAP,,,
300000132,CAP,,,
300000070,Liner,,,
300000071,Liner,,,
300000071,Liner,,,
300000071,Liner,,,
300000071,Liner,,,